Handle,Title,Tags
Cuppowood-BP3596,"Back Panel 35""W 96""H 0.75""D (BP3596)","panel:back_panel, width:35, height:96, depth:0.75, accessories"
Cuppowood-BCOL3,"Base Column 3""W 34.5""H 24""D (BCOL3)","column:base_column, width:3, height:34.5, depth:24, accessories"
Cuppowood-BCOL6,"Base Column 6""W 34.5""H 24""D (BCOL6)","column:base_column, width:6, height:34.5, depth:24, accessories"
Cuppowood-BF330,"Base Filler 3""W 30""H 0.75""D (BF330)","filler:base_filler, width:3, height:30, depth:0.75, accessories"
Cuppowood-BLF3303,"Base L Filler 3""W 30""H 3""D (BLF3303)","filler:base_l_filler, width:3, height:30, depth:3, accessories"
Cuppowood-BF630,"Base Filler 6""W 30""H 0.75""D (BF630)","filler:base_filler, width:6, height:30, depth:0.75, accessories"
Cuppowood-BLF6303,"Base L Filler 6""W 30""H 3""D (BLF6303)","filler:base_l_filler, width:6, height:30, depth:3, accessories"
Cuppowood-BP2430,"Base Panel 24""W 30""H 0.75""D (BP2430)","panel:base_panel, width:24, height:30, depth:0.75, accessories"
Cuppowood-DWP,"Dishwasher Panel 29.875""W 34.5""H 0.75""D (DWP)","panel:dishwasher_panel, width:29.875, height:34.5, depth:0.75, accessories"
Cuppowood-DWP_2DB LOOK,"Dishwasher Panel (2 Drawer Base Look) 29.875""W 34.5""H 0.75""D (DWP_2DB LOOK)","panel:dishwasher_panel_2_drawer_base_look, width:29.875, height:34.5, depth:0.75, accessories"
Cuppowood-DWP_3DB LOOK,"Dishwasher Panel (3 Drawer Base Look) 29.875""W 34.5""H 0.75""D (DWP_3DB LOOK)","panel:dishwasher_panel_3_drawer_base_look, width:29.875, height:34.5, depth:0.75, accessories"
Cuppowood-DWP_4DB LOOK,"Dishwasher Panel (4 Drawer Base Look) 29.875""W 34.5""H 0.75""D (DWP_4DB LOOK)","panel:dishwasher_panel_4_drawer_base_look, width:29.875, height:34.5, depth:0.75, accessories"
Cuppowood-DWP_B1 LOOK,"Dishwasher Panel (B1 Look) 29.875""W 34.5""H 0.75""D (DWP_B1 LOOK)","panel:dishwasher_panel_b1_look, width:29.875, height:34.5, depth:0.75, accessories"
Cuppowood-DWP_B2 LOOK,"Dishwasher Panel (B2 Look) 29.875""W 34.5""H 0.75""D (DWP_B2 LOOK)","panel:dishwasher_panel_b2_look, width:29.875, height:34.5, depth:0.75, accessories"
Cuppowood-BP2435,"Base Panel 24""W 34.5""H 0.75""D (BP2435)","panel:base_panel, width:24, height:34.5, depth:0.75, accessories"
Cuppowood-BP2530,"Base Panel 25""W 30""H 0.75""D (BP2530)","panel:base_panel, width:25, height:30, depth:0.75, accessories"
Cuppowood-BP2535,"Base Panel 25""W 34.5""H 0.75""D (BP2535)","panel:base_panel, width:25, height:34.5, depth:0.75, accessories"
Cuppowood-DWR3,"Dishwasher Return Panel 3""W 34.5""H 24""D (DWR3)","panel:dishwasher_return_panel, width:3, height:34.5, depth:24, accessories"
Cuppowood-DWR6,"Dishwasher Return Panel 6""W 34.5""H 24""D (DWR6)","panel:dishwasher_return_panel, width:6, height:34.5, depth:24, accessories"
Cuppowood-REP2496,"Refrigerator Panel 24""W 96""H 0.75""D (REP2496)","panel:refrigerator_panel, width:24, height:96, depth:0.75, accessories"
Cuppowood-REP2596,"Refrigerator Panel 25""W 96""H 0.75""D (REP2596)","panel:refrigerator_panel, width:25, height:96, depth:0.75, accessories"
Cuppowood-TF396,"Tall Filler 3""W 96""H 0.75""D (TF396)","filler:tall_filler, width:3, height:96, depth:0.75, accessories"
Cuppowood-TLF3963,"Tall L Filler 3""W 96""H 3""D (TLF3963)","filler:tall_l_filler, width:3, height:96, depth:3, accessories"
Cuppowood-TF696,"Tall Filler 6""W 96""H 0.75""D (TF696)","filler:tall_filler, width:6, height:96, depth:0.75, accessories"
Cuppowood-TLF6963,"Tall L Filler 6""W 96""H 3""D (TLF6963)","filler:tall_l_filler, width:6, height:96, depth:3, accessories"
Cuppowood-TK,"Toe Kick 96""W 4.5""H 0.75""D (TK)","toe_kick:toe_kick, width:96, height:4.5, depth:0.75, accessories"
Cuppowood-WCOL33012,"Wall Column 3""W 30""H 12""D (WCOL33012)","column:wall_column, width:3, height:30, depth:12, accessories"
Cuppowood-WCOL33612,"Wall Column 3""W 36""H 12""D (WCOL33612)","column:wall_column, width:3, height:36, depth:12, accessories"
Cuppowood-WCOL33912,"Wall Column 3""W 39""H 12""D (WCOL33912)","column:wall_column, width:3, height:39, depth:12, accessories"
Cuppowood-WCOL34212,"Wall Column 3""W 42""H 12""D (WCOL34212)","column:wall_column, width:3, height:42, depth:12, accessories"
Cuppowood-WCOL63012,"Wall Column 6""W 30""H 12""D (WCOL63012)","column:wall_column, width:6, height:30, depth:12, accessories"
Cuppowood-WCOL63612,"Wall Column 6""W 36""H 12""D (WCOL63612)","column:wall_column, width:6, height:36, depth:12, accessories"
Cuppowood-WCOL63912,"Wall Column 6""W 39""H 12""D (WCOL63912)","column:wall_column, width:6, height:39, depth:12, accessories"
Cuppowood-WCOL64212,"Wall Column 6""W 42""H 12""D (WCOL64212)","column:wall_column, width:6, height:42, depth:12, accessories"
Cuppowood-WF330,"Wall Filler 3""W 30""H 0.75""D (WF330)","filler:wall_filler, width:3, height:30, depth:0.75, accessories"
Cuppowood-WLF3303,"Wall L Filler 3""W 30""H 3""D (WLF3303)","filler:wall_l_filler, width:3, height:30, depth:3, accessories"
Cuppowood-WF336,"Wall Filler 3""W 36""H 0.75""D (WF336)","filler:wall_filler, width:3, height:36, depth:0.75, accessories"
Cuppowood-WLF3363,"Wall L Filler 3""W 36""H 3""D (WLF3363)","filler:wall_l_filler, width:3, height:36, depth:3, accessories"
Cuppowood-WF339,"Wall Filler 3""W 39""H 0.75""D (WF339)","filler:wall_filler, width:3, height:39, depth:0.75, accessories"
Cuppowood-WLF3393,"Wall L Filler 3""W 39""H 3""D (WLF3393)","filler:wall_l_filler, width:3, height:39, depth:3, accessories"
Cuppowood-WF342,"Wall Filler 3""W 42""H 0.75""D (WF342)","filler:wall_filler, width:3, height:42, depth:0.75, accessories"
Cuppowood-WLF3423,"Wall L Filler 3""W 42""H 3""D (WLF3423)","filler:wall_l_filler, width:3, height:42, depth:3, accessories"
Cuppowood-WF630,"Wall Filler 6""W 30""H 0.75""D (WF630)","filler:wall_filler, width:6, height:30, depth:0.75, accessories"
Cuppowood-WLF6303,"Wall L Filler 6""W 30""H 3""D (WLF6303)","filler:wall_l_filler, width:6, height:30, depth:3, accessories"
Cuppowood-WF636,"Wall Filler 6""W 36""H 0.75""D (WF636)","filler:wall_filler, width:6, height:36, depth:0.75, accessories"
Cuppowood-WLF6363,"Wall L Filler 6""W 36""H 3""D (WLF6363)","filler:wall_l_filler, width:6, height:36, depth:3, accessories"
Cuppowood-WF639,"Wall Filler 6""W 39""H 0.75""D (WF639)","filler:wall_filler, width:6, height:39, depth:0.75, accessories"
Cuppowood-WLF6393,"Wall L Filler 6""W 39""H 3""D (WLF6393)","filler:wall_l_filler, width:6, height:39, depth:3, accessories"
Cuppowood-WF642,"Wall Filler 6""W 42""H 0.75""D (WF642)","filler:wall_filler, width:6, height:42, depth:0.75, accessories"
Cuppowood-WLF6423,"Wall L Filler 6""W 42""H 3""D (WLF6423)","filler:wall_l_filler, width:6, height:42, depth:3, accessories"
Cuppowood-WP1230,"Wall Panel 12""W 30""H 0.75""D (WP1230)","panel:wall_panel, width:12, height:30, depth:0.75, accessories"
Cuppowood-WP1236,"Wall Panel 12""W 36""H 0.75""D (WP1236)","panel:wall_panel, width:12, height:36, depth:0.75, accessories"
Cuppowood-WP1239,"Wall Panel 12""W 39""H 0.75""D (WP1239)","panel:wall_panel, width:12, height:39, depth:0.75, accessories"
Cuppowood-WP1242,"Wall Panel 12""W 42""H 0.75""D (WP1242)","panel:wall_panel, width:12, height:42, depth:0.75, accessories"
Cuppowood-WP1330,"Wall Panel 13""W 30""H 0.75""D (WP1330)","panel:wall_panel, width:13, height:30, depth:0.75, accessories"
Cuppowood-WP1336,"Wall Panel 13""W 36""H 0.75""D (WP1336)","panel:wall_panel, width:13, height:36, depth:0.75, accessories"
Cuppowood-WP1339,"Wall Panel 13""W 39""H 0.75""D (WP1339)","panel:wall_panel, width:13, height:39, depth:0.75, accessories"
Cuppowood-WP1342,"Wall Panel 13""W 42""H 0.75""D (WP1342)","panel:wall_panel, width:13, height:42, depth:0.75, accessories"
